v,,,,,ϑv,PF,R{,R{,v,ϊ
-1635500.0,458,920,21,0.3273766976411723,-1169.049320943531,0.6811517916325496,-160.71734752615484,-0.11488016263484978,NaN,9.35096497498213
