v,,,,,ϑv,PF,R{,R{,v,ϊ
81700.0,153,175,1,0.46504559270516715,248.32826747720364,1.092118615401962,21.758842024655884,0.06613629794728232,80.5037318785067,4.291793313069909
